<?xml version="1.0" encoding="UTF-8"?>
<metadata xml:lang="cs"><Esri><CreaDate>20221209</CreaDate><CreaTime>14554200</CreaTime><ArcGISFormat>1.0</ArcGISFormat><SyncOnce>TRUE</SyncOnce><DataProperties><lineage><Process ToolSource="c:\program files\arcgis\pro\Resources\ArcToolbox\toolboxes\Data Management Tools.tbx\CreateFeatureclass" Date="20221209" Time="145542">CreateFeatureclass G:\ownCloud\Sardinia\Data Sardinia_simplified Polygon # No No "GEOGCS["GCS_WGS_1984",DATUM["D_WGS_1984",SPHEROID["WGS_1984",6378137.0,298.257223563]],PRIMEM["Greenwich",0.0],UNIT["Degree",0.0174532925199433]];-400 -400 11258999068426.2;-100000 10000;-100000 10000;8.98315284119521E-09;0.001;0.001;IsHighPrecision" # 0 0 0 #</Process></lineage></DataProperties></Esri></metadata>
